id,node_id,name,full_name,private,html_url,description,fork,url,forks_url,keys_url,collaborators_url,teams_url,hooks_url,issue_events_url,events_url,assignees_url,branches_url,tags_url,blobs_url,git_tags_url,git_refs_url,trees_url,statuses_url,languages_url,stargazers_url,contributors_url,subscribers_url,subscription_url,commits_url,git_commits_url,comments_url,issue_comment_url,contents_url,compare_url,merges_url,archive_url,downloads_url,issues_url,pulls_url,milestones_url,notifications_url,labels_url,releases_url,deployments_url,created_at,updated_at,pushed_at,git_url,ssh_url,clone_url,svn_url,homepage,size,stargazers_count,watchers_count,language,has_issues,has_projects,has_downloads,has_wiki,has_pages,forks_count,archived,disabled,open_issues_count,forks,open_issues,watchers,default_branch,owner_login,owner_id,owner_node_id,owner_avatar_url,owner_gravatar_id,owner_url,owner_html_url,owner_followers_url,owner_following_url,owner_gists_url,owner_starred_url,owner_subscriptions_url,owner_organizations_url,owner_repos_url,owner_events_url,owner_received_events_url,owner_type,owner_site_admin
155565363,MDEwOlJlcG9zaXRvcnkxNTU1NjUzNjM=,2018,jtleek/2018,False,https://github.com/jtleek/2018,Fall 2018 repository with course materials for JHU Advanced Data Science,True,https://api.github.com/repos/jtleek/2018,https://api.github.com/repos/jtleek/2018/forks,https://api.github.com/repos/jtleek/2018/keys{/key_id},https://api.github.com/repos/jtleek/2018/collaborators{/collaborator},https://api.github.com/repos/jtleek/2018/teams,https://api.github.com/repos/jtleek/2018/hooks,https://api.github.com/repos/jtleek/2018/issues/events{/number},https://api.github.com/repos/jtleek/2018/events,https://api.github.com/repos/jtleek/2018/assignees{/user},https://api.github.com/repos/jtleek/2018/branches{/branch},https://api.github.com/repos/jtleek/2018/tags,https://api.github.com/repos/jtleek/2018/git/blobs{/sha},https://api.github.com/repos/jtleek/2018/git/tags{/sha},https://api.github.com/repos/jtleek/2018/git/refs{/sha},https://api.github.com/repos/jtleek/2018/git/trees{/sha},https://api.github.com/repos/jtleek/2018/statuses/{sha},https://api.github.com/repos/jtleek/2018/languages,https://api.github.com/repos/jtleek/2018/stargazers,https://api.github.com/repos/jtleek/2018/contributors,https://api.github.com/repos/jtleek/2018/subscribers,https://api.github.com/repos/jtleek/2018/subscription,https://api.github.com/repos/jtleek/2018/commits{/sha},https://api.github.com/repos/jtleek/2018/git/commits{/sha},https://api.github.com/repos/jtleek/2018/comments{/number},https://api.github.com/repos/jtleek/2018/issues/comments{/number},https://api.github.com/repos/jtleek/2018/contents/{+path},https://api.github.com/repos/jtleek/2018/compare/{base}...{head},https://api.github.com/repos/jtleek/2018/merges,https://api.github.com/repos/jtleek/2018/{archive_format}{/ref},https://api.github.com/repos/jtleek/2018/downloads,https://api.github.com/repos/jtleek/2018/issues{/number},https://api.github.com/repos/jtleek/2018/pulls{/number},https://api.github.com/repos/jtleek/2018/milestones{/number},"https://api.github.com/repos/jtleek/2018/notifications{?since,all,participating}",https://api.github.com/repos/jtleek/2018/labels{/name},https://api.github.com/repos/jtleek/2018/releases{/id},https://api.github.com/repos/jtleek/2018/deployments,2018-10-31 13:50:37,2018-10-31 13:50:41,2018-10-31 13:50:37,git://github.com/jtleek/2018.git,git@github.com:jtleek/2018.git,https://github.com/jtleek/2018.git,https://github.com/jtleek/2018,https://jhu-advdatasci.github.io/2018/,60855,0,0,html,False,True,True,True,False,3,False,False,0,3,0,0,master,jtleek,1571674,MDQ6VXNlcjE1NzE2NzQ=,https://avatars.githubusercontent.com/u/1571674?v=4,,https://api.github.com/users/jtleek,https://github.com/jtleek,https://api.github.com/users/jtleek/followers,https://api.github.com/users/jtleek/following{/other_user},https://api.github.com/users/jtleek/gists{/gist_id},https://api.github.com/users/jtleek/starred{/owner}{/repo},https://api.github.com/users/jtleek/subscriptions,https://api.github.com/users/jtleek/orgs,https://api.github.com/users/jtleek/repos,https://api.github.com/users/jtleek/events{/privacy},https://api.github.com/users/jtleek/received_events,User,False
264786491,MDEwOlJlcG9zaXRvcnkyNjQ3ODY0OTE=,ads2020,jtleek/ads2020,False,https://github.com/jtleek/ads2020,Advanced Data Science 2020 Edition,False,https://api.github.com/repos/jtleek/ads2020,https://api.github.com/repos/jtleek/ads2020/forks,https://api.github.com/repos/jtleek/ads2020/keys{/key_id},https://api.github.com/repos/jtleek/ads2020/collaborators{/collaborator},https://api.github.com/repos/jtleek/ads2020/teams,https://api.github.com/repos/jtleek/ads2020/hooks,https://api.github.com/repos/jtleek/ads2020/issues/events{/number},https://api.github.com/repos/jtleek/ads2020/events,https://api.github.com/repos/jtleek/ads2020/assignees{/user},https://api.github.com/repos/jtleek/ads2020/branches{/branch},https://api.github.com/repos/jtleek/ads2020/tags,https://api.github.com/repos/jtleek/ads2020/git/blobs{/sha},https://api.github.com/repos/jtleek/ads2020/git/tags{/sha},https://api.github.com/repos/jtleek/ads2020/git/refs{/sha},https://api.github.com/repos/jtleek/ads2020/git/trees{/sha},https://api.github.com/repos/jtleek/ads2020/statuses/{sha},https://api.github.com/repos/jtleek/ads2020/languages,https://api.github.com/repos/jtleek/ads2020/stargazers,https://api.github.com/repos/jtleek/ads2020/contributors,https://api.github.com/repos/jtleek/ads2020/subscribers,https://api.github.com/repos/jtleek/ads2020/subscription,https://api.github.com/repos/jtleek/ads2020/commits{/sha},https://api.github.com/repos/jtleek/ads2020/git/commits{/sha},https://api.github.com/repos/jtleek/ads2020/comments{/number},https://api.github.com/repos/jtleek/ads2020/issues/comments{/number},https://api.github.com/repos/jtleek/ads2020/contents/{+path},https://api.github.com/repos/jtleek/ads2020/compare/{base}...{head},https://api.github.com/repos/jtleek/ads2020/merges,https://api.github.com/repos/jtleek/ads2020/{archive_format}{/ref},https://api.github.com/repos/jtleek/ads2020/downloads,https://api.github.com/repos/jtleek/ads2020/issues{/number},https://api.github.com/repos/jtleek/ads2020/pulls{/number},https://api.github.com/repos/jtleek/ads2020/milestones{/number},"https://api.github.com/repos/jtleek/ads2020/notifications{?since,all,participating}",https://api.github.com/repos/jtleek/ads2020/labels{/name},https://api.github.com/repos/jtleek/ads2020/releases{/id},https://api.github.com/repos/jtleek/ads2020/deployments,2020-05-18 00:45:46,2021-04-14 07:08:30,2021-01-04 10:18:05,git://github.com/jtleek/ads2020.git,git@github.com:jtleek/ads2020.git,https://github.com/jtleek/ads2020.git,https://github.com/jtleek/ads2020,,75774,59,59,css,True,True,True,True,True,17,False,False,9,17,9,59,master,jtleek,1571674,MDQ6VXNlcjE1NzE2NzQ=,https://avatars.githubusercontent.com/u/1571674?v=4,,https://api.github.com/users/jtleek,https://github.com/jtleek,https://api.github.com/users/jtleek/followers,https://api.github.com/users/jtleek/following{/other_user},https://api.github.com/users/jtleek/gists{/gist_id},https://api.github.com/users/jtleek/starred{/owner}{/repo},https://api.github.com/users/jtleek/subscriptions,https://api.github.com/users/jtleek/orgs,https://api.github.com/users/jtleek/repos,https://api.github.com/users/jtleek/events{/privacy},https://api.github.com/users/jtleek/received_events,User,False
101394164,MDEwOlJlcG9zaXRvcnkxMDEzOTQxNjQ=,advdatasci,jtleek/advdatasci,False,https://github.com/jtleek/advdatasci,,True,https://api.github.com/repos/jtleek/advdatasci,https://api.github.com/repos/jtleek/advdatasci/forks,https://api.github.com/repos/jtleek/advdatasci/keys{/key_id},https://api.github.com/repos/jtleek/advdatasci/collaborators{/collaborator},https://api.github.com/repos/jtleek/advdatasci/teams,https://api.github.com/repos/jtleek/advdatasci/hooks,https://api.github.com/repos/jtleek/advdatasci/issues/events{/number},https://api.github.com/repos/jtleek/advdatasci/events,https://api.github.com/repos/jtleek/advdatasci/assignees{/user},https://api.github.com/repos/jtleek/advdatasci/branches{/branch},https://api.github.com/repos/jtleek/advdatasci/tags,https://api.github.com/repos/jtleek/advdatasci/git/blobs{/sha},https://api.github.com/repos/jtleek/advdatasci/git/tags{/sha},https://api.github.com/repos/jtleek/advdatasci/git/refs{/sha},https://api.github.com/repos/jtleek/advdatasci/git/trees{/sha},https://api.github.com/repos/jtleek/advdatasci/statuses/{sha},https://api.github.com/repos/jtleek/advdatasci/languages,https://api.github.com/repos/jtleek/advdatasci/stargazers,https://api.github.com/repos/jtleek/advdatasci/contributors,https://api.github.com/repos/jtleek/advdatasci/subscribers,https://api.github.com/repos/jtleek/advdatasci/subscription,https://api.github.com/repos/jtleek/advdatasci/commits{/sha},https://api.github.com/repos/jtleek/advdatasci/git/commits{/sha},https://api.github.com/repos/jtleek/advdatasci/comments{/number},https://api.github.com/repos/jtleek/advdatasci/issues/comments{/number},https://api.github.com/repos/jtleek/advdatasci/contents/{+path},https://api.github.com/repos/jtleek/advdatasci/compare/{base}...{head},https://api.github.com/repos/jtleek/advdatasci/merges,https://api.github.com/repos/jtleek/advdatasci/{archive_format}{/ref},https://api.github.com/repos/jtleek/advdatasci/downloads,https://api.github.com/repos/jtleek/advdatasci/issues{/number},https://api.github.com/repos/jtleek/advdatasci/pulls{/number},https://api.github.com/repos/jtleek/advdatasci/milestones{/number},"https://api.github.com/repos/jtleek/advdatasci/notifications{?since,all,participating}",https://api.github.com/repos/jtleek/advdatasci/labels{/name},https://api.github.com/repos/jtleek/advdatasci/releases{/id},https://api.github.com/repos/jtleek/advdatasci/deployments,2017-08-25 10:38:16,2020-07-13 14:18:23,2020-05-17 23:06:04,git://github.com/jtleek/advdatasci.git,git@github.com:jtleek/advdatasci.git,https://github.com/jtleek/advdatasci.git,https://github.com/jtleek/advdatasci,,172184,17,17,html,False,True,True,True,True,10,False,False,0,10,0,17,master,jtleek,1571674,MDQ6VXNlcjE1NzE2NzQ=,https://avatars.githubusercontent.com/u/1571674?v=4,,https://api.github.com/users/jtleek,https://github.com/jtleek,https://api.github.com/users/jtleek/followers,https://api.github.com/users/jtleek/following{/other_user},https://api.github.com/users/jtleek/gists{/gist_id},https://api.github.com/users/jtleek/starred{/owner}{/repo},https://api.github.com/users/jtleek/subscriptions,https://api.github.com/users/jtleek/orgs,https://api.github.com/users/jtleek/repos,https://api.github.com/users/jtleek/events{/privacy},https://api.github.com/users/jtleek/received_events,User,False
111447948,MDEwOlJlcG9zaXRvcnkxMTE0NDc5NDg=,advdatasci-project,jtleek/advdatasci-project,False,https://github.com/jtleek/advdatasci-project,Awesome project!,False,https://api.github.com/repos/jtleek/advdatasci-project,https://api.github.com/repos/jtleek/advdatasci-project/forks,https://api.github.com/repos/jtleek/advdatasci-project/keys{/key_id},https://api.github.com/repos/jtleek/advdatasci-project/collaborators{/collaborator},https://api.github.com/repos/jtleek/advdatasci-project/teams,https://api.github.com/repos/jtleek/advdatasci-project/hooks,https://api.github.com/repos/jtleek/advdatasci-project/issues/events{/number},https://api.github.com/repos/jtleek/advdatasci-project/events,https://api.github.com/repos/jtleek/advdatasci-project/assignees{/user},https://api.github.com/repos/jtleek/advdatasci-project/branches{/branch},https://api.github.com/repos/jtleek/advdatasci-project/tags,https://api.github.com/repos/jtleek/advdatasci-project/git/blobs{/sha},https://api.github.com/repos/jtleek/advdatasci-project/git/tags{/sha},https://api.github.com/repos/jtleek/advdatasci-project/git/refs{/sha},https://api.github.com/repos/jtleek/advdatasci-project/git/trees{/sha},https://api.github.com/repos/jtleek/advdatasci-project/statuses/{sha},https://api.github.com/repos/jtleek/advdatasci-project/languages,https://api.github.com/repos/jtleek/advdatasci-project/stargazers,https://api.github.com/repos/jtleek/advdatasci-project/contributors,https://api.github.com/repos/jtleek/advdatasci-project/subscribers,https://api.github.com/repos/jtleek/advdatasci-project/subscription,https://api.github.com/repos/jtleek/advdatasci-project/commits{/sha},https://api.github.com/repos/jtleek/advdatasci-project/git/commits{/sha},https://api.github.com/repos/jtleek/advdatasci-project/comments{/number},https://api.github.com/repos/jtleek/advdatasci-project/issues/comments{/number},https://api.github.com/repos/jtleek/advdatasci-project/contents/{+path},https://api.github.com/repos/jtleek/advdatasci-project/compare/{base}...{head},https://api.github.com/repos/jtleek/advdatasci-project/merges,https://api.github.com/repos/jtleek/advdatasci-project/{archive_format}{/ref},https://api.github.com/repos/jtleek/advdatasci-project/downloads,https://api.github.com/repos/jtleek/advdatasci-project/issues{/number},https://api.github.com/repos/jtleek/advdatasci-project/pulls{/number},https://api.github.com/repos/jtleek/advdatasci-project/milestones{/number},"https://api.github.com/repos/jtleek/advdatasci-project/notifications{?since,all,participating}",https://api.github.com/repos/jtleek/advdatasci-project/labels{/name},https://api.github.com/repos/jtleek/advdatasci-project/releases{/id},https://api.github.com/repos/jtleek/advdatasci-project/deployments,2017-11-20 18:33:29,2020-11-11 11:00:18,2017-11-20 18:40:45,git://github.com/jtleek/advdatasci-project.git,git@github.com:jtleek/advdatasci-project.git,https://github.com/jtleek/advdatasci-project.git,https://github.com/jtleek/advdatasci-project,,680,1,1,html,True,True,True,True,False,0,False,False,0,0,0,1,master,jtleek,1571674,MDQ6VXNlcjE1NzE2NzQ=,https://avatars.githubusercontent.com/u/1571674?v=4,,https://api.github.com/users/jtleek,https://github.com/jtleek,https://api.github.com/users/jtleek/followers,https://api.github.com/users/jtleek/following{/other_user},https://api.github.com/users/jtleek/gists{/gist_id},https://api.github.com/users/jtleek/starred{/owner}{/repo},https://api.github.com/users/jtleek/subscriptions,https://api.github.com/users/jtleek/orgs,https://api.github.com/users/jtleek/repos,https://api.github.com/users/jtleek/events{/privacy},https://api.github.com/users/jtleek/received_events,User,False
47568815,MDEwOlJlcG9zaXRvcnk0NzU2ODgxNQ==,advdatasci-swirl,jtleek/advdatasci-swirl,False,https://github.com/jtleek/advdatasci-swirl,,False,https://api.github.com/repos/jtleek/advdatasci-swirl,https://api.github.com/repos/jtleek/advdatasci-swirl/forks,https://api.github.com/repos/jtleek/advdatasci-swirl/keys{/key_id},https://api.github.com/repos/jtleek/advdatasci-swirl/collaborators{/collaborator},https://api.github.com/repos/jtleek/advdatasci-swirl/teams,https://api.github.com/repos/jtleek/advdatasci-swirl/hooks,https://api.github.com/repos/jtleek/advdatasci-swirl/issues/events{/number},https://api.github.com/repos/jtleek/advdatasci-swirl/events,https://api.github.com/repos/jtleek/advdatasci-swirl/assignees{/user},https://api.github.com/repos/jtleek/advdatasci-swirl/branches{/branch},https://api.github.com/repos/jtleek/advdatasci-swirl/tags,https://api.github.com/repos/jtleek/advdatasci-swirl/git/blobs{/sha},https://api.github.com/repos/jtleek/advdatasci-swirl/git/tags{/sha},https://api.github.com/repos/jtleek/advdatasci-swirl/git/refs{/sha},https://api.github.com/repos/jtleek/advdatasci-swirl/git/trees{/sha},https://api.github.com/repos/jtleek/advdatasci-swirl/statuses/{sha},https://api.github.com/repos/jtleek/advdatasci-swirl/languages,https://api.github.com/repos/jtleek/advdatasci-swirl/stargazers,https://api.github.com/repos/jtleek/advdatasci-swirl/contributors,https://api.github.com/repos/jtleek/advdatasci-swirl/subscribers,https://api.github.com/repos/jtleek/advdatasci-swirl/subscription,https://api.github.com/repos/jtleek/advdatasci-swirl/commits{/sha},https://api.github.com/repos/jtleek/advdatasci-swirl/git/commits{/sha},https://api.github.com/repos/jtleek/advdatasci-swirl/comments{/number},https://api.github.com/repos/jtleek/advdatasci-swirl/issues/comments{/number},https://api.github.com/repos/jtleek/advdatasci-swirl/contents/{+path},https://api.github.com/repos/jtleek/advdatasci-swirl/compare/{base}...{head},https://api.github.com/repos/jtleek/advdatasci-swirl/merges,https://api.github.com/repos/jtleek/advdatasci-swirl/{archive_format}{/ref},https://api.github.com/repos/jtleek/advdatasci-swirl/downloads,https://api.github.com/repos/jtleek/advdatasci-swirl/issues{/number},https://api.github.com/repos/jtleek/advdatasci-swirl/pulls{/number},https://api.github.com/repos/jtleek/advdatasci-swirl/milestones{/number},"https://api.github.com/repos/jtleek/advdatasci-swirl/notifications{?since,all,participating}",https://api.github.com/repos/jtleek/advdatasci-swirl/labels{/name},https://api.github.com/repos/jtleek/advdatasci-swirl/releases{/id},https://api.github.com/repos/jtleek/advdatasci-swirl/deployments,2015-12-07 17:43:53,2018-04-30 21:02:30,2015-12-09 20:21:13,git://github.com/jtleek/advdatasci-swirl.git,git@github.com:jtleek/advdatasci-swirl.git,https://github.com/jtleek/advdatasci-swirl.git,https://github.com/jtleek/advdatasci-swirl,,188,4,4,html,True,True,True,True,False,2,False,False,1,2,1,4,master,jtleek,1571674,MDQ6VXNlcjE1NzE2NzQ=,https://avatars.githubusercontent.com/u/1571674?v=4,,https://api.github.com/users/jtleek,https://github.com/jtleek,https://api.github.com/users/jtleek/followers,https://api.github.com/users/jtleek/following{/other_user},https://api.github.com/users/jtleek/gists{/gist_id},https://api.github.com/users/jtleek/starred{/owner}{/repo},https://api.github.com/users/jtleek/subscriptions,https://api.github.com/users/jtleek/orgs,https://api.github.com/users/jtleek/repos,https://api.github.com/users/jtleek/events{/privacy},https://api.github.com/users/jtleek/received_events,User,False
41645119,MDEwOlJlcG9zaXRvcnk0MTY0NTExOQ==,advdatasci15,jtleek/advdatasci15,False,https://github.com/jtleek/advdatasci15,Advanced Data Science @ JHU Biostats,False,https://api.github.com/repos/jtleek/advdatasci15,https://api.github.com/repos/jtleek/advdatasci15/forks,https://api.github.com/repos/jtleek/advdatasci15/keys{/key_id},https://api.github.com/repos/jtleek/advdatasci15/collaborators{/collaborator},https://api.github.com/repos/jtleek/advdatasci15/teams,https://api.github.com/repos/jtleek/advdatasci15/hooks,https://api.github.com/repos/jtleek/advdatasci15/issues/events{/number},https://api.github.com/repos/jtleek/advdatasci15/events,https://api.github.com/repos/jtleek/advdatasci15/assignees{/user},https://api.github.com/repos/jtleek/advdatasci15/branches{/branch},https://api.github.com/repos/jtleek/advdatasci15/tags,https://api.github.com/repos/jtleek/advdatasci15/git/blobs{/sha},https://api.github.com/repos/jtleek/advdatasci15/git/tags{/sha},https://api.github.com/repos/jtleek/advdatasci15/git/refs{/sha},https://api.github.com/repos/jtleek/advdatasci15/git/trees{/sha},https://api.github.com/repos/jtleek/advdatasci15/statuses/{sha},https://api.github.com/repos/jtleek/advdatasci15/languages,https://api.github.com/repos/jtleek/advdatasci15/stargazers,https://api.github.com/repos/jtleek/advdatasci15/contributors,https://api.github.com/repos/jtleek/advdatasci15/subscribers,https://api.github.com/repos/jtleek/advdatasci15/subscription,https://api.github.com/repos/jtleek/advdatasci15/commits{/sha},https://api.github.com/repos/jtleek/advdatasci15/git/commits{/sha},https://api.github.com/repos/jtleek/advdatasci15/comments{/number},https://api.github.com/repos/jtleek/advdatasci15/issues/comments{/number},https://api.github.com/repos/jtleek/advdatasci15/contents/{+path},https://api.github.com/repos/jtleek/advdatasci15/compare/{base}...{head},https://api.github.com/repos/jtleek/advdatasci15/merges,https://api.github.com/repos/jtleek/advdatasci15/{archive_format}{/ref},https://api.github.com/repos/jtleek/advdatasci15/downloads,https://api.github.com/repos/jtleek/advdatasci15/issues{/number},https://api.github.com/repos/jtleek/advdatasci15/pulls{/number},https://api.github.com/repos/jtleek/advdatasci15/milestones{/number},"https://api.github.com/repos/jtleek/advdatasci15/notifications{?since,all,participating}",https://api.github.com/repos/jtleek/advdatasci15/labels{/name},https://api.github.com/repos/jtleek/advdatasci15/releases{/id},https://api.github.com/repos/jtleek/advdatasci15/deployments,2015-08-30 22:27:26,2020-11-20 16:48:09,2015-12-16 18:12:31,git://github.com/jtleek/advdatasci15.git,git@github.com:jtleek/advdatasci15.git,https://github.com/jtleek/advdatasci15.git,https://github.com/jtleek/advdatasci15,,200992,15,15,html,True,True,True,True,True,7,False,False,0,7,0,15,gh-pages,jtleek,1571674,MDQ6VXNlcjE1NzE2NzQ=,https://avatars.githubusercontent.com/u/1571674?v=4,,https://api.github.com/users/jtleek,https://github.com/jtleek,https://api.github.com/users/jtleek/followers,https://api.github.com/users/jtleek/following{/other_user},https://api.github.com/users/jtleek/gists{/gist_id},https://api.github.com/users/jtleek/starred{/owner}{/repo},https://api.github.com/users/jtleek/subscriptions,https://api.github.com/users/jtleek/orgs,https://api.github.com/users/jtleek/repos,https://api.github.com/users/jtleek/events{/privacy},https://api.github.com/users/jtleek/received_events,User,False
65922328,MDEwOlJlcG9zaXRvcnk2NTkyMjMyOA==,advdatasci16,jtleek/advdatasci16,False,https://github.com/jtleek/advdatasci16,,False,https://api.github.com/repos/jtleek/advdatasci16,https://api.github.com/repos/jtleek/advdatasci16/forks,https://api.github.com/repos/jtleek/advdatasci16/keys{/key_id},https://api.github.com/repos/jtleek/advdatasci16/collaborators{/collaborator},https://api.github.com/repos/jtleek/advdatasci16/teams,https://api.github.com/repos/jtleek/advdatasci16/hooks,https://api.github.com/repos/jtleek/advdatasci16/issues/events{/number},https://api.github.com/repos/jtleek/advdatasci16/events,https://api.github.com/repos/jtleek/advdatasci16/assignees{/user},https://api.github.com/repos/jtleek/advdatasci16/branches{/branch},https://api.github.com/repos/jtleek/advdatasci16/tags,https://api.github.com/repos/jtleek/advdatasci16/git/blobs{/sha},https://api.github.com/repos/jtleek/advdatasci16/git/tags{/sha},https://api.github.com/repos/jtleek/advdatasci16/git/refs{/sha},https://api.github.com/repos/jtleek/advdatasci16/git/trees{/sha},https://api.github.com/repos/jtleek/advdatasci16/statuses/{sha},https://api.github.com/repos/jtleek/advdatasci16/languages,https://api.github.com/repos/jtleek/advdatasci16/stargazers,https://api.github.com/repos/jtleek/advdatasci16/contributors,https://api.github.com/repos/jtleek/advdatasci16/subscribers,https://api.github.com/repos/jtleek/advdatasci16/subscription,https://api.github.com/repos/jtleek/advdatasci16/commits{/sha},https://api.github.com/repos/jtleek/advdatasci16/git/commits{/sha},https://api.github.com/repos/jtleek/advdatasci16/comments{/number},https://api.github.com/repos/jtleek/advdatasci16/issues/comments{/number},https://api.github.com/repos/jtleek/advdatasci16/contents/{+path},https://api.github.com/repos/jtleek/advdatasci16/compare/{base}...{head},https://api.github.com/repos/jtleek/advdatasci16/merges,https://api.github.com/repos/jtleek/advdatasci16/{archive_format}{/ref},https://api.github.com/repos/jtleek/advdatasci16/downloads,https://api.github.com/repos/jtleek/advdatasci16/issues{/number},https://api.github.com/repos/jtleek/advdatasci16/pulls{/number},https://api.github.com/repos/jtleek/advdatasci16/milestones{/number},"https://api.github.com/repos/jtleek/advdatasci16/notifications{?since,all,participating}",https://api.github.com/repos/jtleek/advdatasci16/labels{/name},https://api.github.com/repos/jtleek/advdatasci16/releases{/id},https://api.github.com/repos/jtleek/advdatasci16/deployments,2016-08-17 16:08:20,2017-03-18 19:39:28,2017-12-06 17:51:23,git://github.com/jtleek/advdatasci16.git,git@github.com:jtleek/advdatasci16.git,https://github.com/jtleek/advdatasci16.git,https://github.com/jtleek/advdatasci16,,3427,6,6,html,True,True,True,True,True,9,False,False,0,9,0,6,gh-pages,jtleek,1571674,MDQ6VXNlcjE1NzE2NzQ=,https://avatars.githubusercontent.com/u/1571674?v=4,,https://api.github.com/users/jtleek,https://github.com/jtleek,https://api.github.com/users/jtleek/followers,https://api.github.com/users/jtleek/following{/other_user},https://api.github.com/users/jtleek/gists{/gist_id},https://api.github.com/users/jtleek/starred{/owner}{/repo},https://api.github.com/users/jtleek/subscriptions,https://api.github.com/users/jtleek/orgs,https://api.github.com/users/jtleek/repos,https://api.github.com/users/jtleek/events{/privacy},https://api.github.com/users/jtleek/received_events,User,False
66415014,MDEwOlJlcG9zaXRvcnk2NjQxNTAxNA==,advdatasci_swirl,jtleek/advdatasci_swirl,False,https://github.com/jtleek/advdatasci_swirl,,False,https://api.github.com/repos/jtleek/advdatasci_swirl,https://api.github.com/repos/jtleek/advdatasci_swirl/forks,https://api.github.com/repos/jtleek/advdatasci_swirl/keys{/key_id},https://api.github.com/repos/jtleek/advdatasci_swirl/collaborators{/collaborator},https://api.github.com/repos/jtleek/advdatasci_swirl/teams,https://api.github.com/repos/jtleek/advdatasci_swirl/hooks,https://api.github.com/repos/jtleek/advdatasci_swirl/issues/events{/number},https://api.github.com/repos/jtleek/advdatasci_swirl/events,https://api.github.com/repos/jtleek/advdatasci_swirl/assignees{/user},https://api.github.com/repos/jtleek/advdatasci_swirl/branches{/branch},https://api.github.com/repos/jtleek/advdatasci_swirl/tags,https://api.github.com/repos/jtleek/advdatasci_swirl/git/blobs{/sha},https://api.github.com/repos/jtleek/advdatasci_swirl/git/tags{/sha},https://api.github.com/repos/jtleek/advdatasci_swirl/git/refs{/sha},https://api.github.com/repos/jtleek/advdatasci_swirl/git/trees{/sha},https://api.github.com/repos/jtleek/advdatasci_swirl/statuses/{sha},https://api.github.com/repos/jtleek/advdatasci_swirl/languages,https://api.github.com/repos/jtleek/advdatasci_swirl/stargazers,https://api.github.com/repos/jtleek/advdatasci_swirl/contributors,https://api.github.com/repos/jtleek/advdatasci_swirl/subscribers,https://api.github.com/repos/jtleek/advdatasci_swirl/subscription,https://api.github.com/repos/jtleek/advdatasci_swirl/commits{/sha},https://api.github.com/repos/jtleek/advdatasci_swirl/git/commits{/sha},https://api.github.com/repos/jtleek/advdatasci_swirl/comments{/number},https://api.github.com/repos/jtleek/advdatasci_swirl/issues/comments{/number},https://api.github.com/repos/jtleek/advdatasci_swirl/contents/{+path},https://api.github.com/repos/jtleek/advdatasci_swirl/compare/{base}...{head},https://api.github.com/repos/jtleek/advdatasci_swirl/merges,https://api.github.com/repos/jtleek/advdatasci_swirl/{archive_format}{/ref},https://api.github.com/repos/jtleek/advdatasci_swirl/downloads,https://api.github.com/repos/jtleek/advdatasci_swirl/issues{/number},https://api.github.com/repos/jtleek/advdatasci_swirl/pulls{/number},https://api.github.com/repos/jtleek/advdatasci_swirl/milestones{/number},"https://api.github.com/repos/jtleek/advdatasci_swirl/notifications{?since,all,participating}",https://api.github.com/repos/jtleek/advdatasci_swirl/labels{/name},https://api.github.com/repos/jtleek/advdatasci_swirl/releases{/id},https://api.github.com/repos/jtleek/advdatasci_swirl/deployments,2016-08-24 00:44:35,2017-05-09 02:52:17,2016-10-26 14:05:49,git://github.com/jtleek/advdatasci_swirl.git,git@github.com:jtleek/advdatasci_swirl.git,https://github.com/jtleek/advdatasci_swirl.git,https://github.com/jtleek/advdatasci_swirl,,4683,4,4,html,True,True,True,True,False,5,False,False,1,5,1,4,master,jtleek,1571674,MDQ6VXNlcjE1NzE2NzQ=,https://avatars.githubusercontent.com/u/1571674?v=4,,https://api.github.com/users/jtleek,https://github.com/jtleek,https://api.github.com/users/jtleek/followers,https://api.github.com/users/jtleek/following{/other_user},https://api.github.com/users/jtleek/gists{/gist_id},https://api.github.com/users/jtleek/starred{/owner}{/repo},https://api.github.com/users/jtleek/subscriptions,https://api.github.com/users/jtleek/orgs,https://api.github.com/users/jtleek/repos,https://api.github.com/users/jtleek/events{/privacy},https://api.github.com/users/jtleek/received_events,User,False
258010045,MDEwOlJlcG9zaXRvcnkyNTgwMTAwNDU=,big_course,jtleek/big_course,False,https://github.com/jtleek/big_course,Repo for the BIG Experiment MOOC,False,https://api.github.com/repos/jtleek/big_course,https://api.github.com/repos/jtleek/big_course/forks,https://api.github.com/repos/jtleek/big_course/keys{/key_id},https://api.github.com/repos/jtleek/big_course/collaborators{/collaborator},https://api.github.com/repos/jtleek/big_course/teams,https://api.github.com/repos/jtleek/big_course/hooks,https://api.github.com/repos/jtleek/big_course/issues/events{/number},https://api.github.com/repos/jtleek/big_course/events,https://api.github.com/repos/jtleek/big_course/assignees{/user},https://api.github.com/repos/jtleek/big_course/branches{/branch},https://api.github.com/repos/jtleek/big_course/tags,https://api.github.com/repos/jtleek/big_course/git/blobs{/sha},https://api.github.com/repos/jtleek/big_course/git/tags{/sha},https://api.github.com/repos/jtleek/big_course/git/refs{/sha},https://api.github.com/repos/jtleek/big_course/git/trees{/sha},https://api.github.com/repos/jtleek/big_course/statuses/{sha},https://api.github.com/repos/jtleek/big_course/languages,https://api.github.com/repos/jtleek/big_course/stargazers,https://api.github.com/repos/jtleek/big_course/contributors,https://api.github.com/repos/jtleek/big_course/subscribers,https://api.github.com/repos/jtleek/big_course/subscription,https://api.github.com/repos/jtleek/big_course/commits{/sha},https://api.github.com/repos/jtleek/big_course/git/commits{/sha},https://api.github.com/repos/jtleek/big_course/comments{/number},https://api.github.com/repos/jtleek/big_course/issues/comments{/number},https://api.github.com/repos/jtleek/big_course/contents/{+path},https://api.github.com/repos/jtleek/big_course/compare/{base}...{head},https://api.github.com/repos/jtleek/big_course/merges,https://api.github.com/repos/jtleek/big_course/{archive_format}{/ref},https://api.github.com/repos/jtleek/big_course/downloads,https://api.github.com/repos/jtleek/big_course/issues{/number},https://api.github.com/repos/jtleek/big_course/pulls{/number},https://api.github.com/repos/jtleek/big_course/milestones{/number},"https://api.github.com/repos/jtleek/big_course/notifications{?since,all,participating}",https://api.github.com/repos/jtleek/big_course/labels{/name},https://api.github.com/repos/jtleek/big_course/releases{/id},https://api.github.com/repos/jtleek/big_course/deployments,2020-04-22 20:16:02,2020-08-22 00:48:38,2020-04-22 20:16:03,git://github.com/jtleek/big_course.git,git@github.com:jtleek/big_course.git,https://github.com/jtleek/big_course.git,https://github.com/jtleek/big_course,,0,0,0,unknown,True,True,True,True,False,0,False,False,0,0,0,0,master,jtleek,1571674,MDQ6VXNlcjE1NzE2NzQ=,https://avatars.githubusercontent.com/u/1571674?v=4,,https://api.github.com/users/jtleek,https://github.com/jtleek,https://api.github.com/users/jtleek/followers,https://api.github.com/users/jtleek/following{/other_user},https://api.github.com/users/jtleek/gists{/gist_id},https://api.github.com/users/jtleek/starred{/owner}{/repo},https://api.github.com/users/jtleek/subscriptions,https://api.github.com/users/jtleek/orgs,https://api.github.com/users/jtleek/repos,https://api.github.com/users/jtleek/events{/privacy},https://api.github.com/users/jtleek/received_events,User,False
75141158,MDEwOlJlcG9zaXRvcnk3NTE0MTE1OA==,bookdown-start,jtleek/bookdown-start,False,https://github.com/jtleek/bookdown-start,,True,https://api.github.com/repos/jtleek/bookdown-start,https://api.github.com/repos/jtleek/bookdown-start/forks,https://api.github.com/repos/jtleek/bookdown-start/keys{/key_id},https://api.github.com/repos/jtleek/bookdown-start/collaborators{/collaborator},https://api.github.com/repos/jtleek/bookdown-start/teams,https://api.github.com/repos/jtleek/bookdown-start/hooks,https://api.github.com/repos/jtleek/bookdown-start/issues/events{/number},https://api.github.com/repos/jtleek/bookdown-start/events,https://api.github.com/repos/jtleek/bookdown-start/assignees{/user},https://api.github.com/repos/jtleek/bookdown-start/branches{/branch},https://api.github.com/repos/jtleek/bookdown-start/tags,https://api.github.com/repos/jtleek/bookdown-start/git/blobs{/sha},https://api.github.com/repos/jtleek/bookdown-start/git/tags{/sha},https://api.github.com/repos/jtleek/bookdown-start/git/refs{/sha},https://api.github.com/repos/jtleek/bookdown-start/git/trees{/sha},https://api.github.com/repos/jtleek/bookdown-start/statuses/{sha},https://api.github.com/repos/jtleek/bookdown-start/languages,https://api.github.com/repos/jtleek/bookdown-start/stargazers,https://api.github.com/repos/jtleek/bookdown-start/contributors,https://api.github.com/repos/jtleek/bookdown-start/subscribers,https://api.github.com/repos/jtleek/bookdown-start/subscription,https://api.github.com/repos/jtleek/bookdown-start/commits{/sha},https://api.github.com/repos/jtleek/bookdown-start/git/commits{/sha},https://api.github.com/repos/jtleek/bookdown-start/comments{/number},https://api.github.com/repos/jtleek/bookdown-start/issues/comments{/number},https://api.github.com/repos/jtleek/bookdown-start/contents/{+path},https://api.github.com/repos/jtleek/bookdown-start/compare/{base}...{head},https://api.github.com/repos/jtleek/bookdown-start/merges,https://api.github.com/repos/jtleek/bookdown-start/{archive_format}{/ref},https://api.github.com/repos/jtleek/bookdown-start/downloads,https://api.github.com/repos/jtleek/bookdown-start/issues{/number},https://api.github.com/repos/jtleek/bookdown-start/pulls{/number},https://api.github.com/repos/jtleek/bookdown-start/milestones{/number},"https://api.github.com/repos/jtleek/bookdown-start/notifications{?since,all,participating}",https://api.github.com/repos/jtleek/bookdown-start/labels{/name},https://api.github.com/repos/jtleek/bookdown-start/releases{/id},https://api.github.com/repos/jtleek/bookdown-start/deployments,2016-11-30 02:05:00,2016-11-30 12:04:08,2016-11-30 02:05:00,git://github.com/jtleek/bookdown-start.git,git@github.com:jtleek/bookdown-start.git,https://github.com/jtleek/bookdown-start.git,https://github.com/jtleek/bookdown-start,,237,1,1,tex,False,True,True,True,False,2,False,False,0,2,0,1,master,jtleek,1571674,MDQ6VXNlcjE1NzE2NzQ=,https://avatars.githubusercontent.com/u/1571674?v=4,,https://api.github.com/users/jtleek,https://github.com/jtleek,https://api.github.com/users/jtleek/followers,https://api.github.com/users/jtleek/following{/other_user},https://api.github.com/users/jtleek/gists{/gist_id},https://api.github.com/users/jtleek/starred{/owner}{/repo},https://api.github.com/users/jtleek/subscriptions,https://api.github.com/users/jtleek/orgs,https://api.github.com/users/jtleek/repos,https://api.github.com/users/jtleek/events{/privacy},https://api.github.com/users/jtleek/received_events,User,False
320396846,MDEwOlJlcG9zaXRvcnkzMjAzOTY4NDY=,books,jtleek/books,False,https://github.com/jtleek/books,Books by Jeff Leek,False,https://api.github.com/repos/jtleek/books,https://api.github.com/repos/jtleek/books/forks,https://api.github.com/repos/jtleek/books/keys{/key_id},https://api.github.com/repos/jtleek/books/collaborators{/collaborator},https://api.github.com/repos/jtleek/books/teams,https://api.github.com/repos/jtleek/books/hooks,https://api.github.com/repos/jtleek/books/issues/events{/number},https://api.github.com/repos/jtleek/books/events,https://api.github.com/repos/jtleek/books/assignees{/user},https://api.github.com/repos/jtleek/books/branches{/branch},https://api.github.com/repos/jtleek/books/tags,https://api.github.com/repos/jtleek/books/git/blobs{/sha},https://api.github.com/repos/jtleek/books/git/tags{/sha},https://api.github.com/repos/jtleek/books/git/refs{/sha},https://api.github.com/repos/jtleek/books/git/trees{/sha},https://api.github.com/repos/jtleek/books/statuses/{sha},https://api.github.com/repos/jtleek/books/languages,https://api.github.com/repos/jtleek/books/stargazers,https://api.github.com/repos/jtleek/books/contributors,https://api.github.com/repos/jtleek/books/subscribers,https://api.github.com/repos/jtleek/books/subscription,https://api.github.com/repos/jtleek/books/commits{/sha},https://api.github.com/repos/jtleek/books/git/commits{/sha},https://api.github.com/repos/jtleek/books/comments{/number},https://api.github.com/repos/jtleek/books/issues/comments{/number},https://api.github.com/repos/jtleek/books/contents/{+path},https://api.github.com/repos/jtleek/books/compare/{base}...{head},https://api.github.com/repos/jtleek/books/merges,https://api.github.com/repos/jtleek/books/{archive_format}{/ref},https://api.github.com/repos/jtleek/books/downloads,https://api.github.com/repos/jtleek/books/issues{/number},https://api.github.com/repos/jtleek/books/pulls{/number},https://api.github.com/repos/jtleek/books/milestones{/number},"https://api.github.com/repos/jtleek/books/notifications{?since,all,participating}",https://api.github.com/repos/jtleek/books/labels{/name},https://api.github.com/repos/jtleek/books/releases{/id},https://api.github.com/repos/jtleek/books/deployments,2020-12-10 21:42:01,2021-03-21 12:39:33,2020-12-10 21:42:39,git://github.com/jtleek/books.git,git@github.com:jtleek/books.git,https://github.com/jtleek/books.git,https://github.com/jtleek/books,,4,3,3,unknown,True,True,True,True,False,1,False,False,0,1,0,3,main,jtleek,1571674,MDQ6VXNlcjE1NzE2NzQ=,https://avatars.githubusercontent.com/u/1571674?v=4,,https://api.github.com/users/jtleek,https://github.com/jtleek,https://api.github.com/users/jtleek/followers,https://api.github.com/users/jtleek/following{/other_user},https://api.github.com/users/jtleek/gists{/gist_id},https://api.github.com/users/jtleek/starred{/owner}{/repo},https://api.github.com/users/jtleek/subscriptions,https://api.github.com/users/jtleek/orgs,https://api.github.com/users/jtleek/repos,https://api.github.com/users/jtleek/events{/privacy},https://api.github.com/users/jtleek/received_events,User,False
20234724,MDEwOlJlcG9zaXRvcnkyMDIzNDcyNA==,capitalin21stcenturyinr,jtleek/capitalin21stcenturyinr,False,https://github.com/jtleek/capitalIn21stCenturyinR,Piketty in R,False,https://api.github.com/repos/jtleek/capitalIn21stCenturyinR,https://api.github.com/repos/jtleek/capitalIn21stCenturyinR/forks,https://api.github.com/repos/jtleek/capitalIn21stCenturyinR/keys{/key_id},https://api.github.com/repos/jtleek/capitalIn21stCenturyinR/collaborators{/collaborator},https://api.github.com/repos/jtleek/capitalIn21stCenturyinR/teams,https://api.github.com/repos/jtleek/capitalIn21stCenturyinR/hooks,https://api.github.com/repos/jtleek/capitalIn21stCenturyinR/issues/events{/number},https://api.github.com/repos/jtleek/capitalIn21stCenturyinR/events,https://api.github.com/repos/jtleek/capitalIn21stCenturyinR/assignees{/user},https://api.github.com/repos/jtleek/capitalIn21stCenturyinR/branches{/branch},https://api.github.com/repos/jtleek/capitalIn21stCenturyinR/tags,https://api.github.com/repos/jtleek/capitalIn21stCenturyinR/git/blobs{/sha},https://api.github.com/repos/jtleek/capitalIn21stCenturyinR/git/tags{/sha},https://api.github.com/repos/jtleek/capitalIn21stCenturyinR/git/refs{/sha},https://api.github.com/repos/jtleek/capitalIn21stCenturyinR/git/trees{/sha},https://api.github.com/repos/jtleek/capitalIn21stCenturyinR/statuses/{sha},https://api.github.com/repos/jtleek/capitalIn21stCenturyinR/languages,https://api.github.com/repos/jtleek/capitalIn21stCenturyinR/stargazers,https://api.github.com/repos/jtleek/capitalIn21stCenturyinR/contributors,https://api.github.com/repos/jtleek/capitalIn21stCenturyinR/subscribers,https://api.github.com/repos/jtleek/capitalIn21stCenturyinR/subscription,https://api.github.com/repos/jtleek/capitalIn21stCenturyinR/commits{/sha},https://api.github.com/repos/jtleek/capitalIn21stCenturyinR/git/commits{/sha},https://api.github.com/repos/jtleek/capitalIn21stCenturyinR/comments{/number},https://api.github.com/repos/jtleek/capitalIn21stCenturyinR/issues/comments{/number},https://api.github.com/repos/jtleek/capitalIn21stCenturyinR/contents/{+path},https://api.github.com/repos/jtleek/capitalIn21stCenturyinR/compare/{base}...{head},https://api.github.com/repos/jtleek/capitalIn21stCenturyinR/merges,https://api.github.com/repos/jtleek/capitalIn21stCenturyinR/{archive_format}{/ref},https://api.github.com/repos/jtleek/capitalIn21stCenturyinR/downloads,https://api.github.com/repos/jtleek/capitalIn21stCenturyinR/issues{/number},https://api.github.com/repos/jtleek/capitalIn21stCenturyinR/pulls{/number},https://api.github.com/repos/jtleek/capitalIn21stCenturyinR/milestones{/number},"https://api.github.com/repos/jtleek/capitalIn21stCenturyinR/notifications{?since,all,participating}",https://api.github.com/repos/jtleek/capitalIn21stCenturyinR/labels{/name},https://api.github.com/repos/jtleek/capitalIn21stCenturyinR/releases{/id},https://api.github.com/repos/jtleek/capitalIn21stCenturyinR/deployments,2014-05-27 20:38:31,2021-06-30 19:29:31,2016-07-18 17:22:51,git://github.com/jtleek/capitalIn21stCenturyinR.git,git@github.com:jtleek/capitalIn21stCenturyinR.git,https://github.com/jtleek/capitalIn21stCenturyinR.git,https://github.com/jtleek/capitalIn21stCenturyinR,,374812,209,209,html,True,True,True,True,True,126,False,False,0,126,0,209,master,jtleek,1571674,MDQ6VXNlcjE1NzE2NzQ=,https://avatars.githubusercontent.com/u/1571674?v=4,,https://api.github.com/users/jtleek,https://github.com/jtleek,https://api.github.com/users/jtleek/followers,https://api.github.com/users/jtleek/following{/other_user},https://api.github.com/users/jtleek/gists{/gist_id},https://api.github.com/users/jtleek/starred{/owner}{/repo},https://api.github.com/users/jtleek/subscriptions,https://api.github.com/users/jtleek/orgs,https://api.github.com/users/jtleek/repos,https://api.github.com/users/jtleek/events{/privacy},https://api.github.com/users/jtleek/received_events,User,False
36437287,MDEwOlJlcG9zaXRvcnkzNjQzNzI4Nw==,careerplanning,jtleek/careerplanning,False,https://github.com/jtleek/careerplanning,A career planning guide.,False,https://api.github.com/repos/jtleek/careerplanning,https://api.github.com/repos/jtleek/careerplanning/forks,https://api.github.com/repos/jtleek/careerplanning/keys{/key_id},https://api.github.com/repos/jtleek/careerplanning/collaborators{/collaborator},https://api.github.com/repos/jtleek/careerplanning/teams,https://api.github.com/repos/jtleek/careerplanning/hooks,https://api.github.com/repos/jtleek/careerplanning/issues/events{/number},https://api.github.com/repos/jtleek/careerplanning/events,https://api.github.com/repos/jtleek/careerplanning/assignees{/user},https://api.github.com/repos/jtleek/careerplanning/branches{/branch},https://api.github.com/repos/jtleek/careerplanning/tags,https://api.github.com/repos/jtleek/careerplanning/git/blobs{/sha},https://api.github.com/repos/jtleek/careerplanning/git/tags{/sha},https://api.github.com/repos/jtleek/careerplanning/git/refs{/sha},https://api.github.com/repos/jtleek/careerplanning/git/trees{/sha},https://api.github.com/repos/jtleek/careerplanning/statuses/{sha},https://api.github.com/repos/jtleek/careerplanning/languages,https://api.github.com/repos/jtleek/careerplanning/stargazers,https://api.github.com/repos/jtleek/careerplanning/contributors,https://api.github.com/repos/jtleek/careerplanning/subscribers,https://api.github.com/repos/jtleek/careerplanning/subscription,https://api.github.com/repos/jtleek/careerplanning/commits{/sha},https://api.github.com/repos/jtleek/careerplanning/git/commits{/sha},https://api.github.com/repos/jtleek/careerplanning/comments{/number},https://api.github.com/repos/jtleek/careerplanning/issues/comments{/number},https://api.github.com/repos/jtleek/careerplanning/contents/{+path},https://api.github.com/repos/jtleek/careerplanning/compare/{base}...{head},https://api.github.com/repos/jtleek/careerplanning/merges,https://api.github.com/repos/jtleek/careerplanning/{archive_format}{/ref},https://api.github.com/repos/jtleek/careerplanning/downloads,https://api.github.com/repos/jtleek/careerplanning/issues{/number},https://api.github.com/repos/jtleek/careerplanning/pulls{/number},https://api.github.com/repos/jtleek/careerplanning/milestones{/number},"https://api.github.com/repos/jtleek/careerplanning/notifications{?since,all,participating}",https://api.github.com/repos/jtleek/careerplanning/labels{/name},https://api.github.com/repos/jtleek/careerplanning/releases{/id},https://api.github.com/repos/jtleek/careerplanning/deployments,2015-05-28 12:37:04,2021-07-01 23:13:23,2015-05-28 13:51:02,git://github.com/jtleek/careerplanning.git,git@github.com:jtleek/careerplanning.git,https://github.com/jtleek/careerplanning.git,https://github.com/jtleek/careerplanning,,128,102,102,unknown,True,True,True,True,False,25,False,False,0,25,0,102,master,jtleek,1571674,MDQ6VXNlcjE1NzE2NzQ=,https://avatars.githubusercontent.com/u/1571674?v=4,,https://api.github.com/users/jtleek,https://github.com/jtleek,https://api.github.com/users/jtleek/followers,https://api.github.com/users/jtleek/following{/other_user},https://api.github.com/users/jtleek/gists{/gist_id},https://api.github.com/users/jtleek/starred{/owner}{/repo},https://api.github.com/users/jtleek/subscriptions,https://api.github.com/users/jtleek/orgs,https://api.github.com/users/jtleek/repos,https://api.github.com/users/jtleek/events{/privacy},https://api.github.com/users/jtleek/received_events,User,False
320457870,MDEwOlJlcG9zaXRvcnkzMjA0NTc4NzA=,coc,jtleek/coc,False,https://github.com/jtleek/coc,Leek Group Code of Conduct,False,https://api.github.com/repos/jtleek/coc,https://api.github.com/repos/jtleek/coc/forks,https://api.github.com/repos/jtleek/coc/keys{/key_id},https://api.github.com/repos/jtleek/coc/collaborators{/collaborator},https://api.github.com/repos/jtleek/coc/teams,https://api.github.com/repos/jtleek/coc/hooks,https://api.github.com/repos/jtleek/coc/issues/events{/number},https://api.github.com/repos/jtleek/coc/events,https://api.github.com/repos/jtleek/coc/assignees{/user},https://api.github.com/repos/jtleek/coc/branches{/branch},https://api.github.com/repos/jtleek/coc/tags,https://api.github.com/repos/jtleek/coc/git/blobs{/sha},https://api.github.com/repos/jtleek/coc/git/tags{/sha},https://api.github.com/repos/jtleek/coc/git/refs{/sha},https://api.github.com/repos/jtleek/coc/git/trees{/sha},https://api.github.com/repos/jtleek/coc/statuses/{sha},https://api.github.com/repos/jtleek/coc/languages,https://api.github.com/repos/jtleek/coc/stargazers,https://api.github.com/repos/jtleek/coc/contributors,https://api.github.com/repos/jtleek/coc/subscribers,https://api.github.com/repos/jtleek/coc/subscription,https://api.github.com/repos/jtleek/coc/commits{/sha},https://api.github.com/repos/jtleek/coc/git/commits{/sha},https://api.github.com/repos/jtleek/coc/comments{/number},https://api.github.com/repos/jtleek/coc/issues/comments{/number},https://api.github.com/repos/jtleek/coc/contents/{+path},https://api.github.com/repos/jtleek/coc/compare/{base}...{head},https://api.github.com/repos/jtleek/coc/merges,https://api.github.com/repos/jtleek/coc/{archive_format}{/ref},https://api.github.com/repos/jtleek/coc/downloads,https://api.github.com/repos/jtleek/coc/issues{/number},https://api.github.com/repos/jtleek/coc/pulls{/number},https://api.github.com/repos/jtleek/coc/milestones{/number},"https://api.github.com/repos/jtleek/coc/notifications{?since,all,participating}",https://api.github.com/repos/jtleek/coc/labels{/name},https://api.github.com/repos/jtleek/coc/releases{/id},https://api.github.com/repos/jtleek/coc/deployments,2020-12-11 03:34:56,2020-12-11 03:50:57,2020-12-11 03:50:54,git://github.com/jtleek/coc.git,git@github.com:jtleek/coc.git,https://github.com/jtleek/coc.git,https://github.com/jtleek/coc,,6,0,0,unknown,True,True,True,True,False,0,False,False,0,0,0,0,main,jtleek,1571674,MDQ6VXNlcjE1NzE2NzQ=,https://avatars.githubusercontent.com/u/1571674?v=4,,https://api.github.com/users/jtleek,https://github.com/jtleek,https://api.github.com/users/jtleek/followers,https://api.github.com/users/jtleek/following{/other_user},https://api.github.com/users/jtleek/gists{/gist_id},https://api.github.com/users/jtleek/starred{/owner}{/repo},https://api.github.com/users/jtleek/subscriptions,https://api.github.com/users/jtleek/orgs,https://api.github.com/users/jtleek/repos,https://api.github.com/users/jtleek/events{/privacy},https://api.github.com/users/jtleek/received_events,User,False
320462039,MDEwOlJlcG9zaXRvcnkzMjA0NjIwMzk=,courses,jtleek/courses,False,https://github.com/jtleek/courses,Courses taught by Jeff,False,https://api.github.com/repos/jtleek/courses,https://api.github.com/repos/jtleek/courses/forks,https://api.github.com/repos/jtleek/courses/keys{/key_id},https://api.github.com/repos/jtleek/courses/collaborators{/collaborator},https://api.github.com/repos/jtleek/courses/teams,https://api.github.com/repos/jtleek/courses/hooks,https://api.github.com/repos/jtleek/courses/issues/events{/number},https://api.github.com/repos/jtleek/courses/events,https://api.github.com/repos/jtleek/courses/assignees{/user},https://api.github.com/repos/jtleek/courses/branches{/branch},https://api.github.com/repos/jtleek/courses/tags,https://api.github.com/repos/jtleek/courses/git/blobs{/sha},https://api.github.com/repos/jtleek/courses/git/tags{/sha},https://api.github.com/repos/jtleek/courses/git/refs{/sha},https://api.github.com/repos/jtleek/courses/git/trees{/sha},https://api.github.com/repos/jtleek/courses/statuses/{sha},https://api.github.com/repos/jtleek/courses/languages,https://api.github.com/repos/jtleek/courses/stargazers,https://api.github.com/repos/jtleek/courses/contributors,https://api.github.com/repos/jtleek/courses/subscribers,https://api.github.com/repos/jtleek/courses/subscription,https://api.github.com/repos/jtleek/courses/commits{/sha},https://api.github.com/repos/jtleek/courses/git/commits{/sha},https://api.github.com/repos/jtleek/courses/comments{/number},https://api.github.com/repos/jtleek/courses/issues/comments{/number},https://api.github.com/repos/jtleek/courses/contents/{+path},https://api.github.com/repos/jtleek/courses/compare/{base}...{head},https://api.github.com/repos/jtleek/courses/merges,https://api.github.com/repos/jtleek/courses/{archive_format}{/ref},https://api.github.com/repos/jtleek/courses/downloads,https://api.github.com/repos/jtleek/courses/issues{/number},https://api.github.com/repos/jtleek/courses/pulls{/number},https://api.github.com/repos/jtleek/courses/milestones{/number},"https://api.github.com/repos/jtleek/courses/notifications{?since,all,participating}",https://api.github.com/repos/jtleek/courses/labels{/name},https://api.github.com/repos/jtleek/courses/releases{/id},https://api.github.com/repos/jtleek/courses/deployments,2020-12-11 03:58:32,2021-04-22 22:00:08,2020-12-11 04:04:52,git://github.com/jtleek/courses.git,git@github.com:jtleek/courses.git,https://github.com/jtleek/courses.git,https://github.com/jtleek/courses,,2,7,7,unknown,True,True,True,True,False,0,False,False,0,0,0,7,main,jtleek,1571674,MDQ6VXNlcjE1NzE2NzQ=,https://avatars.githubusercontent.com/u/1571674?v=4,,https://api.github.com/users/jtleek,https://github.com/jtleek,https://api.github.com/users/jtleek/followers,https://api.github.com/users/jtleek/following{/other_user},https://api.github.com/users/jtleek/gists{/gist_id},https://api.github.com/users/jtleek/starred{/owner}{/repo},https://api.github.com/users/jtleek/subscriptions,https://api.github.com/users/jtleek/orgs,https://api.github.com/users/jtleek/repos,https://api.github.com/users/jtleek/events{/privacy},https://api.github.com/users/jtleek/received_events,User,False
250507642,MDEwOlJlcG9zaXRvcnkyNTA1MDc2NDI=,covid-19,jtleek/covid-19,False,https://github.com/jtleek/COVID-19,"Novel Coronavirus (COVID-19) Cases, provided by JHU CSSE",True,https://api.github.com/repos/jtleek/COVID-19,https://api.github.com/repos/jtleek/COVID-19/forks,https://api.github.com/repos/jtleek/COVID-19/keys{/key_id},https://api.github.com/repos/jtleek/COVID-19/collaborators{/collaborator},https://api.github.com/repos/jtleek/COVID-19/teams,https://api.github.com/repos/jtleek/COVID-19/hooks,https://api.github.com/repos/jtleek/COVID-19/issues/events{/number},https://api.github.com/repos/jtleek/COVID-19/events,https://api.github.com/repos/jtleek/COVID-19/assignees{/user},https://api.github.com/repos/jtleek/COVID-19/branches{/branch},https://api.github.com/repos/jtleek/COVID-19/tags,https://api.github.com/repos/jtleek/COVID-19/git/blobs{/sha},https://api.github.com/repos/jtleek/COVID-19/git/tags{/sha},https://api.github.com/repos/jtleek/COVID-19/git/refs{/sha},https://api.github.com/repos/jtleek/COVID-19/git/trees{/sha},https://api.github.com/repos/jtleek/COVID-19/statuses/{sha},https://api.github.com/repos/jtleek/COVID-19/languages,https://api.github.com/repos/jtleek/COVID-19/stargazers,https://api.github.com/repos/jtleek/COVID-19/contributors,https://api.github.com/repos/jtleek/COVID-19/subscribers,https://api.github.com/repos/jtleek/COVID-19/subscription,https://api.github.com/repos/jtleek/COVID-19/commits{/sha},https://api.github.com/repos/jtleek/COVID-19/git/commits{/sha},https://api.github.com/repos/jtleek/COVID-19/comments{/number},https://api.github.com/repos/jtleek/COVID-19/issues/comments{/number},https://api.github.com/repos/jtleek/COVID-19/contents/{+path},https://api.github.com/repos/jtleek/COVID-19/compare/{base}...{head},https://api.github.com/repos/jtleek/COVID-19/merges,https://api.github.com/repos/jtleek/COVID-19/{archive_format}{/ref},https://api.github.com/repos/jtleek/COVID-19/downloads,https://api.github.com/repos/jtleek/COVID-19/issues{/number},https://api.github.com/repos/jtleek/COVID-19/pulls{/number},https://api.github.com/repos/jtleek/COVID-19/milestones{/number},"https://api.github.com/repos/jtleek/COVID-19/notifications{?since,all,participating}",https://api.github.com/repos/jtleek/COVID-19/labels{/name},https://api.github.com/repos/jtleek/COVID-19/releases{/id},https://api.github.com/repos/jtleek/COVID-19/deployments,2020-03-27 10:43:35,2020-06-01 13:44:00,2020-03-27 10:43:35,git://github.com/jtleek/COVID-19.git,git@github.com:jtleek/COVID-19.git,https://github.com/jtleek/COVID-19.git,https://github.com/jtleek/COVID-19,https://systems.jhu.edu/research/public-health/ncov/,65648,1,1,unknown,False,True,True,True,False,2,False,False,0,2,0,1,master,jtleek,1571674,MDQ6VXNlcjE1NzE2NzQ=,https://avatars.githubusercontent.com/u/1571674?v=4,,https://api.github.com/users/jtleek,https://github.com/jtleek,https://api.github.com/users/jtleek/followers,https://api.github.com/users/jtleek/following{/other_user},https://api.github.com/users/jtleek/gists{/gist_id},https://api.github.com/users/jtleek/starred{/owner}{/repo},https://api.github.com/users/jtleek/subscriptions,https://api.github.com/users/jtleek/orgs,https://api.github.com/users/jtleek/repos,https://api.github.com/users/jtleek/events{/privacy},https://api.github.com/users/jtleek/received_events,User,False
136021897,MDEwOlJlcG9zaXRvcnkxMzYwMjE4OTc=,crsra,jtleek/crsra,False,https://github.com/jtleek/crsra,A package for cleaning and analyzing Coursera research data exports,True,https://api.github.com/repos/jtleek/crsra,https://api.github.com/repos/jtleek/crsra/forks,https://api.github.com/repos/jtleek/crsra/keys{/key_id},https://api.github.com/repos/jtleek/crsra/collaborators{/collaborator},https://api.github.com/repos/jtleek/crsra/teams,https://api.github.com/repos/jtleek/crsra/hooks,https://api.github.com/repos/jtleek/crsra/issues/events{/number},https://api.github.com/repos/jtleek/crsra/events,https://api.github.com/repos/jtleek/crsra/assignees{/user},https://api.github.com/repos/jtleek/crsra/branches{/branch},https://api.github.com/repos/jtleek/crsra/tags,https://api.github.com/repos/jtleek/crsra/git/blobs{/sha},https://api.github.com/repos/jtleek/crsra/git/tags{/sha},https://api.github.com/repos/jtleek/crsra/git/refs{/sha},https://api.github.com/repos/jtleek/crsra/git/trees{/sha},https://api.github.com/repos/jtleek/crsra/statuses/{sha},https://api.github.com/repos/jtleek/crsra/languages,https://api.github.com/repos/jtleek/crsra/stargazers,https://api.github.com/repos/jtleek/crsra/contributors,https://api.github.com/repos/jtleek/crsra/subscribers,https://api.github.com/repos/jtleek/crsra/subscription,https://api.github.com/repos/jtleek/crsra/commits{/sha},https://api.github.com/repos/jtleek/crsra/git/commits{/sha},https://api.github.com/repos/jtleek/crsra/comments{/number},https://api.github.com/repos/jtleek/crsra/issues/comments{/number},https://api.github.com/repos/jtleek/crsra/contents/{+path},https://api.github.com/repos/jtleek/crsra/compare/{base}...{head},https://api.github.com/repos/jtleek/crsra/merges,https://api.github.com/repos/jtleek/crsra/{archive_format}{/ref},https://api.github.com/repos/jtleek/crsra/downloads,https://api.github.com/repos/jtleek/crsra/issues{/number},https://api.github.com/repos/jtleek/crsra/pulls{/number},https://api.github.com/repos/jtleek/crsra/milestones{/number},"https://api.github.com/repos/jtleek/crsra/notifications{?since,all,participating}",https://api.github.com/repos/jtleek/crsra/labels{/name},https://api.github.com/repos/jtleek/crsra/releases{/id},https://api.github.com/repos/jtleek/crsra/deployments,2018-06-04 12:29:13,2020-10-15 08:11:49,2018-06-04 12:29:13,git://github.com/jtleek/crsra.git,git@github.com:jtleek/crsra.git,https://github.com/jtleek/crsra.git,https://github.com/jtleek/crsra,,10594,2,2,r,False,True,True,True,False,3,False,False,0,3,0,2,master,jtleek,1571674,MDQ6VXNlcjE1NzE2NzQ=,https://avatars.githubusercontent.com/u/1571674?v=4,,https://api.github.com/users/jtleek,https://github.com/jtleek,https://api.github.com/users/jtleek/followers,https://api.github.com/users/jtleek/following{/other_user},https://api.github.com/users/jtleek/gists{/gist_id},https://api.github.com/users/jtleek/starred{/owner}{/repo},https://api.github.com/users/jtleek/subscriptions,https://api.github.com/users/jtleek/orgs,https://api.github.com/users/jtleek/repos,https://api.github.com/users/jtleek/events{/privacy},https://api.github.com/users/jtleek/received_events,User,False
112599365,MDEwOlJlcG9zaXRvcnkxMTI1OTkzNjU=,cshlcg-labs,jtleek/cshlcg-labs,False,https://github.com/jtleek/cshlcg-labs,Cold Spring Harbor Labs Computational Genomics,False,https://api.github.com/repos/jtleek/cshlcg-labs,https://api.github.com/repos/jtleek/cshlcg-labs/forks,https://api.github.com/repos/jtleek/cshlcg-labs/keys{/key_id},https://api.github.com/repos/jtleek/cshlcg-labs/collaborators{/collaborator},https://api.github.com/repos/jtleek/cshlcg-labs/teams,https://api.github.com/repos/jtleek/cshlcg-labs/hooks,https://api.github.com/repos/jtleek/cshlcg-labs/issues/events{/number},https://api.github.com/repos/jtleek/cshlcg-labs/events,https://api.github.com/repos/jtleek/cshlcg-labs/assignees{/user},https://api.github.com/repos/jtleek/cshlcg-labs/branches{/branch},https://api.github.com/repos/jtleek/cshlcg-labs/tags,https://api.github.com/repos/jtleek/cshlcg-labs/git/blobs{/sha},https://api.github.com/repos/jtleek/cshlcg-labs/git/tags{/sha},https://api.github.com/repos/jtleek/cshlcg-labs/git/refs{/sha},https://api.github.com/repos/jtleek/cshlcg-labs/git/trees{/sha},https://api.github.com/repos/jtleek/cshlcg-labs/statuses/{sha},https://api.github.com/repos/jtleek/cshlcg-labs/languages,https://api.github.com/repos/jtleek/cshlcg-labs/stargazers,https://api.github.com/repos/jtleek/cshlcg-labs/contributors,https://api.github.com/repos/jtleek/cshlcg-labs/subscribers,https://api.github.com/repos/jtleek/cshlcg-labs/subscription,https://api.github.com/repos/jtleek/cshlcg-labs/commits{/sha},https://api.github.com/repos/jtleek/cshlcg-labs/git/commits{/sha},https://api.github.com/repos/jtleek/cshlcg-labs/comments{/number},https://api.github.com/repos/jtleek/cshlcg-labs/issues/comments{/number},https://api.github.com/repos/jtleek/cshlcg-labs/contents/{+path},https://api.github.com/repos/jtleek/cshlcg-labs/compare/{base}...{head},https://api.github.com/repos/jtleek/cshlcg-labs/merges,https://api.github.com/repos/jtleek/cshlcg-labs/{archive_format}{/ref},https://api.github.com/repos/jtleek/cshlcg-labs/downloads,https://api.github.com/repos/jtleek/cshlcg-labs/issues{/number},https://api.github.com/repos/jtleek/cshlcg-labs/pulls{/number},https://api.github.com/repos/jtleek/cshlcg-labs/milestones{/number},"https://api.github.com/repos/jtleek/cshlcg-labs/notifications{?since,all,participating}",https://api.github.com/repos/jtleek/cshlcg-labs/labels{/name},https://api.github.com/repos/jtleek/cshlcg-labs/releases{/id},https://api.github.com/repos/jtleek/cshlcg-labs/deployments,2017-11-30 10:41:31,2021-04-25 05:47:34,2019-12-06 15:01:23,git://github.com/jtleek/cshlcg-labs.git,git@github.com:jtleek/cshlcg-labs.git,https://github.com/jtleek/cshlcg-labs.git,https://github.com/jtleek/cshlcg-labs,,20,4,4,unknown,True,True,True,True,False,6,False,False,2,6,2,4,master,jtleek,1571674,MDQ6VXNlcjE1NzE2NzQ=,https://avatars.githubusercontent.com/u/1571674?v=4,,https://api.github.com/users/jtleek,https://github.com/jtleek,https://api.github.com/users/jtleek/followers,https://api.github.com/users/jtleek/following{/other_user},https://api.github.com/users/jtleek/gists{/gist_id},https://api.github.com/users/jtleek/starred{/owner}{/repo},https://api.github.com/users/jtleek/subscriptions,https://api.github.com/users/jtleek/orgs,https://api.github.com/users/jtleek/repos,https://api.github.com/users/jtleek/events{/privacy},https://api.github.com/users/jtleek/received_events,User,False
320396454,MDEwOlJlcG9zaXRvcnkzMjAzOTY0NTQ=,data,jtleek/data,False,https://github.com/jtleek/data,Data resources created by the Leek group,False,https://api.github.com/repos/jtleek/data,https://api.github.com/repos/jtleek/data/forks,https://api.github.com/repos/jtleek/data/keys{/key_id},https://api.github.com/repos/jtleek/data/collaborators{/collaborator},https://api.github.com/repos/jtleek/data/teams,https://api.github.com/repos/jtleek/data/hooks,https://api.github.com/repos/jtleek/data/issues/events{/number},https://api.github.com/repos/jtleek/data/events,https://api.github.com/repos/jtleek/data/assignees{/user},https://api.github.com/repos/jtleek/data/branches{/branch},https://api.github.com/repos/jtleek/data/tags,https://api.github.com/repos/jtleek/data/git/blobs{/sha},https://api.github.com/repos/jtleek/data/git/tags{/sha},https://api.github.com/repos/jtleek/data/git/refs{/sha},https://api.github.com/repos/jtleek/data/git/trees{/sha},https://api.github.com/repos/jtleek/data/statuses/{sha},https://api.github.com/repos/jtleek/data/languages,https://api.github.com/repos/jtleek/data/stargazers,https://api.github.com/repos/jtleek/data/contributors,https://api.github.com/repos/jtleek/data/subscribers,https://api.github.com/repos/jtleek/data/subscription,https://api.github.com/repos/jtleek/data/commits{/sha},https://api.github.com/repos/jtleek/data/git/commits{/sha},https://api.github.com/repos/jtleek/data/comments{/number},https://api.github.com/repos/jtleek/data/issues/comments{/number},https://api.github.com/repos/jtleek/data/contents/{+path},https://api.github.com/repos/jtleek/data/compare/{base}...{head},https://api.github.com/repos/jtleek/data/merges,https://api.github.com/repos/jtleek/data/{archive_format}{/ref},https://api.github.com/repos/jtleek/data/downloads,https://api.github.com/repos/jtleek/data/issues{/number},https://api.github.com/repos/jtleek/data/pulls{/number},https://api.github.com/repos/jtleek/data/milestones{/number},"https://api.github.com/repos/jtleek/data/notifications{?since,all,participating}",https://api.github.com/repos/jtleek/data/labels{/name},https://api.github.com/repos/jtleek/data/releases{/id},https://api.github.com/repos/jtleek/data/deployments,2020-12-10 21:39:54,2021-02-17 13:41:57,2020-12-10 21:40:55,git://github.com/jtleek/data.git,git@github.com:jtleek/data.git,https://github.com/jtleek/data.git,https://github.com/jtleek/data,,2,2,2,unknown,True,True,True,True,False,0,False,False,0,0,0,2,main,jtleek,1571674,MDQ6VXNlcjE1NzE2NzQ=,https://avatars.githubusercontent.com/u/1571674?v=4,,https://api.github.com/users/jtleek,https://github.com/jtleek,https://api.github.com/users/jtleek/followers,https://api.github.com/users/jtleek/following{/other_user},https://api.github.com/users/jtleek/gists{/gist_id},https://api.github.com/users/jtleek/starred{/owner}{/repo},https://api.github.com/users/jtleek/subscriptions,https://api.github.com/users/jtleek/orgs,https://api.github.com/users/jtleek/repos,https://api.github.com/users/jtleek/events{/privacy},https://api.github.com/users/jtleek/received_events,User,False
7751816,MDEwOlJlcG9zaXRvcnk3NzUxODE2,dataanalysis,jtleek/dataanalysis,False,https://github.com/jtleek/dataanalysis,The lecture slides for Coursera's Data Analysis class,False,https://api.github.com/repos/jtleek/dataanalysis,https://api.github.com/repos/jtleek/dataanalysis/forks,https://api.github.com/repos/jtleek/dataanalysis/keys{/key_id},https://api.github.com/repos/jtleek/dataanalysis/collaborators{/collaborator},https://api.github.com/repos/jtleek/dataanalysis/teams,https://api.github.com/repos/jtleek/dataanalysis/hooks,https://api.github.com/repos/jtleek/dataanalysis/issues/events{/number},https://api.github.com/repos/jtleek/dataanalysis/events,https://api.github.com/repos/jtleek/dataanalysis/assignees{/user},https://api.github.com/repos/jtleek/dataanalysis/branches{/branch},https://api.github.com/repos/jtleek/dataanalysis/tags,https://api.github.com/repos/jtleek/dataanalysis/git/blobs{/sha},https://api.github.com/repos/jtleek/dataanalysis/git/tags{/sha},https://api.github.com/repos/jtleek/dataanalysis/git/refs{/sha},https://api.github.com/repos/jtleek/dataanalysis/git/trees{/sha},https://api.github.com/repos/jtleek/dataanalysis/statuses/{sha},https://api.github.com/repos/jtleek/dataanalysis/languages,https://api.github.com/repos/jtleek/dataanalysis/stargazers,https://api.github.com/repos/jtleek/dataanalysis/contributors,https://api.github.com/repos/jtleek/dataanalysis/subscribers,https://api.github.com/repos/jtleek/dataanalysis/subscription,https://api.github.com/repos/jtleek/dataanalysis/commits{/sha},https://api.github.com/repos/jtleek/dataanalysis/git/commits{/sha},https://api.github.com/repos/jtleek/dataanalysis/comments{/number},https://api.github.com/repos/jtleek/dataanalysis/issues/comments{/number},https://api.github.com/repos/jtleek/dataanalysis/contents/{+path},https://api.github.com/repos/jtleek/dataanalysis/compare/{base}...{head},https://api.github.com/repos/jtleek/dataanalysis/merges,https://api.github.com/repos/jtleek/dataanalysis/{archive_format}{/ref},https://api.github.com/repos/jtleek/dataanalysis/downloads,https://api.github.com/repos/jtleek/dataanalysis/issues{/number},https://api.github.com/repos/jtleek/dataanalysis/pulls{/number},https://api.github.com/repos/jtleek/dataanalysis/milestones{/number},"https://api.github.com/repos/jtleek/dataanalysis/notifications{?since,all,participating}",https://api.github.com/repos/jtleek/dataanalysis/labels{/name},https://api.github.com/repos/jtleek/dataanalysis/releases{/id},https://api.github.com/repos/jtleek/dataanalysis/deployments,2013-01-22 12:16:41,2021-07-01 19:00:16,2015-09-22 09:38:52,git://github.com/jtleek/dataanalysis.git,git@github.com:jtleek/dataanalysis.git,https://github.com/jtleek/dataanalysis.git,https://github.com/jtleek/dataanalysis,,156389,716,716,javascript,True,True,True,True,False,721,False,False,5,721,5,716,master,jtleek,1571674,MDQ6VXNlcjE1NzE2NzQ=,https://avatars.githubusercontent.com/u/1571674?v=4,,https://api.github.com/users/jtleek,https://github.com/jtleek,https://api.github.com/users/jtleek/followers,https://api.github.com/users/jtleek/following{/other_user},https://api.github.com/users/jtleek/gists{/gist_id},https://api.github.com/users/jtleek/starred{/owner}{/repo},https://api.github.com/users/jtleek/subscriptions,https://api.github.com/users/jtleek/orgs,https://api.github.com/users/jtleek/repos,https://api.github.com/users/jtleek/events{/privacy},https://api.github.com/users/jtleek/received_events,User,False
4772877,MDEwOlJlcG9zaXRvcnk0NzcyODc3,datascientist,jtleek/datascientist,False,https://github.com/jtleek/datascientist,datascientist,False,https://api.github.com/repos/jtleek/datascientist,https://api.github.com/repos/jtleek/datascientist/forks,https://api.github.com/repos/jtleek/datascientist/keys{/key_id},https://api.github.com/repos/jtleek/datascientist/collaborators{/collaborator},https://api.github.com/repos/jtleek/datascientist/teams,https://api.github.com/repos/jtleek/datascientist/hooks,https://api.github.com/repos/jtleek/datascientist/issues/events{/number},https://api.github.com/repos/jtleek/datascientist/events,https://api.github.com/repos/jtleek/datascientist/assignees{/user},https://api.github.com/repos/jtleek/datascientist/branches{/branch},https://api.github.com/repos/jtleek/datascientist/tags,https://api.github.com/repos/jtleek/datascientist/git/blobs{/sha},https://api.github.com/repos/jtleek/datascientist/git/tags{/sha},https://api.github.com/repos/jtleek/datascientist/git/refs{/sha},https://api.github.com/repos/jtleek/datascientist/git/trees{/sha},https://api.github.com/repos/jtleek/datascientist/statuses/{sha},https://api.github.com/repos/jtleek/datascientist/languages,https://api.github.com/repos/jtleek/datascientist/stargazers,https://api.github.com/repos/jtleek/datascientist/contributors,https://api.github.com/repos/jtleek/datascientist/subscribers,https://api.github.com/repos/jtleek/datascientist/subscription,https://api.github.com/repos/jtleek/datascientist/commits{/sha},https://api.github.com/repos/jtleek/datascientist/git/commits{/sha},https://api.github.com/repos/jtleek/datascientist/comments{/number},https://api.github.com/repos/jtleek/datascientist/issues/comments{/number},https://api.github.com/repos/jtleek/datascientist/contents/{+path},https://api.github.com/repos/jtleek/datascientist/compare/{base}...{head},https://api.github.com/repos/jtleek/datascientist/merges,https://api.github.com/repos/jtleek/datascientist/{archive_format}{/ref},https://api.github.com/repos/jtleek/datascientist/downloads,https://api.github.com/repos/jtleek/datascientist/issues{/number},https://api.github.com/repos/jtleek/datascientist/pulls{/number},https://api.github.com/repos/jtleek/datascientist/milestones{/number},"https://api.github.com/repos/jtleek/datascientist/notifications{?since,all,participating}",https://api.github.com/repos/jtleek/datascientist/labels{/name},https://api.github.com/repos/jtleek/datascientist/releases{/id},https://api.github.com/repos/jtleek/datascientist/deployments,2012-06-24 14:36:20,2017-11-13 14:02:46,2012-06-24 14:38:18,git://github.com/jtleek/datascientist.git,git@github.com:jtleek/datascientist.git,https://github.com/jtleek/datascientist.git,https://github.com/jtleek/datascientist,,98,10,10,r,True,True,True,True,False,41,False,False,0,41,0,10,master,jtleek,1571674,MDQ6VXNlcjE1NzE2NzQ=,https://avatars.githubusercontent.com/u/1571674?v=4,,https://api.github.com/users/jtleek,https://github.com/jtleek,https://api.github.com/users/jtleek/followers,https://api.github.com/users/jtleek/following{/other_user},https://api.github.com/users/jtleek/gists{/gist_id},https://api.github.com/users/jtleek/starred{/owner}{/repo},https://api.github.com/users/jtleek/subscriptions,https://api.github.com/users/jtleek/orgs,https://api.github.com/users/jtleek/repos,https://api.github.com/users/jtleek/events{/privacy},https://api.github.com/users/jtleek/received_events,User,False
14204342,MDEwOlJlcG9zaXRvcnkxNDIwNDM0Mg==,datasharing,jtleek/datasharing,False,https://github.com/jtleek/datasharing,The Leek group guide to data sharing,False,https://api.github.com/repos/jtleek/datasharing,https://api.github.com/repos/jtleek/datasharing/forks,https://api.github.com/repos/jtleek/datasharing/keys{/key_id},https://api.github.com/repos/jtleek/datasharing/collaborators{/collaborator},https://api.github.com/repos/jtleek/datasharing/teams,https://api.github.com/repos/jtleek/datasharing/hooks,https://api.github.com/repos/jtleek/datasharing/issues/events{/number},https://api.github.com/repos/jtleek/datasharing/events,https://api.github.com/repos/jtleek/datasharing/assignees{/user},https://api.github.com/repos/jtleek/datasharing/branches{/branch},https://api.github.com/repos/jtleek/datasharing/tags,https://api.github.com/repos/jtleek/datasharing/git/blobs{/sha},https://api.github.com/repos/jtleek/datasharing/git/tags{/sha},https://api.github.com/repos/jtleek/datasharing/git/refs{/sha},https://api.github.com/repos/jtleek/datasharing/git/trees{/sha},https://api.github.com/repos/jtleek/datasharing/statuses/{sha},https://api.github.com/repos/jtleek/datasharing/languages,https://api.github.com/repos/jtleek/datasharing/stargazers,https://api.github.com/repos/jtleek/datasharing/contributors,https://api.github.com/repos/jtleek/datasharing/subscribers,https://api.github.com/repos/jtleek/datasharing/subscription,https://api.github.com/repos/jtleek/datasharing/commits{/sha},https://api.github.com/repos/jtleek/datasharing/git/commits{/sha},https://api.github.com/repos/jtleek/datasharing/comments{/number},https://api.github.com/repos/jtleek/datasharing/issues/comments{/number},https://api.github.com/repos/jtleek/datasharing/contents/{+path},https://api.github.com/repos/jtleek/datasharing/compare/{base}...{head},https://api.github.com/repos/jtleek/datasharing/merges,https://api.github.com/repos/jtleek/datasharing/{archive_format}{/ref},https://api.github.com/repos/jtleek/datasharing/downloads,https://api.github.com/repos/jtleek/datasharing/issues{/number},https://api.github.com/repos/jtleek/datasharing/pulls{/number},https://api.github.com/repos/jtleek/datasharing/milestones{/number},"https://api.github.com/repos/jtleek/datasharing/notifications{?since,all,participating}",https://api.github.com/repos/jtleek/datasharing/labels{/name},https://api.github.com/repos/jtleek/datasharing/releases{/id},https://api.github.com/repos/jtleek/datasharing/deployments,2013-11-07 13:25:07,2021-07-14 10:51:06,2021-07-07 04:55:25,git://github.com/jtleek/datasharing.git,git@github.com:jtleek/datasharing.git,https://github.com/jtleek/datasharing.git,https://github.com/jtleek/datasharing,,590,5836,5836,unknown,True,True,True,True,False,237386,False,False,825,237386,825,5836,master,jtleek,1571674,MDQ6VXNlcjE1NzE2NzQ=,https://avatars.githubusercontent.com/u/1571674?v=4,,https://api.github.com/users/jtleek,https://github.com/jtleek,https://api.github.com/users/jtleek/followers,https://api.github.com/users/jtleek/following{/other_user},https://api.github.com/users/jtleek/gists{/gist_id},https://api.github.com/users/jtleek/starred{/owner}{/repo},https://api.github.com/users/jtleek/subscriptions,https://api.github.com/users/jtleek/orgs,https://api.github.com/users/jtleek/repos,https://api.github.com/users/jtleek/events{/privacy},https://api.github.com/users/jtleek/received_events,User,False
23840078,MDEwOlJlcG9zaXRvcnkyMzg0MDA3OA==,datawomenontwitter,jtleek/datawomenontwitter,False,https://github.com/jtleek/datawomenontwitter,A list of women doing great data things on Twitter (started here:http://simplystatistics.org/2014/09/09/a-non-comprehensive-list-of-awesome-female-data-people-on-twitter/),False,https://api.github.com/repos/jtleek/datawomenontwitter,https://api.github.com/repos/jtleek/datawomenontwitter/forks,https://api.github.com/repos/jtleek/datawomenontwitter/keys{/key_id},https://api.github.com/repos/jtleek/datawomenontwitter/collaborators{/collaborator},https://api.github.com/repos/jtleek/datawomenontwitter/teams,https://api.github.com/repos/jtleek/datawomenontwitter/hooks,https://api.github.com/repos/jtleek/datawomenontwitter/issues/events{/number},https://api.github.com/repos/jtleek/datawomenontwitter/events,https://api.github.com/repos/jtleek/datawomenontwitter/assignees{/user},https://api.github.com/repos/jtleek/datawomenontwitter/branches{/branch},https://api.github.com/repos/jtleek/datawomenontwitter/tags,https://api.github.com/repos/jtleek/datawomenontwitter/git/blobs{/sha},https://api.github.com/repos/jtleek/datawomenontwitter/git/tags{/sha},https://api.github.com/repos/jtleek/datawomenontwitter/git/refs{/sha},https://api.github.com/repos/jtleek/datawomenontwitter/git/trees{/sha},https://api.github.com/repos/jtleek/datawomenontwitter/statuses/{sha},https://api.github.com/repos/jtleek/datawomenontwitter/languages,https://api.github.com/repos/jtleek/datawomenontwitter/stargazers,https://api.github.com/repos/jtleek/datawomenontwitter/contributors,https://api.github.com/repos/jtleek/datawomenontwitter/subscribers,https://api.github.com/repos/jtleek/datawomenontwitter/subscription,https://api.github.com/repos/jtleek/datawomenontwitter/commits{/sha},https://api.github.com/repos/jtleek/datawomenontwitter/git/commits{/sha},https://api.github.com/repos/jtleek/datawomenontwitter/comments{/number},https://api.github.com/repos/jtleek/datawomenontwitter/issues/comments{/number},https://api.github.com/repos/jtleek/datawomenontwitter/contents/{+path},https://api.github.com/repos/jtleek/datawomenontwitter/compare/{base}...{head},https://api.github.com/repos/jtleek/datawomenontwitter/merges,https://api.github.com/repos/jtleek/datawomenontwitter/{archive_format}{/ref},https://api.github.com/repos/jtleek/datawomenontwitter/downloads,https://api.github.com/repos/jtleek/datawomenontwitter/issues{/number},https://api.github.com/repos/jtleek/datawomenontwitter/pulls{/number},https://api.github.com/repos/jtleek/datawomenontwitter/milestones{/number},"https://api.github.com/repos/jtleek/datawomenontwitter/notifications{?since,all,participating}",https://api.github.com/repos/jtleek/datawomenontwitter/labels{/name},https://api.github.com/repos/jtleek/datawomenontwitter/releases{/id},https://api.github.com/repos/jtleek/datawomenontwitter/deployments,2014-09-09 15:49:57,2019-09-30 15:12:24,2014-09-09 15:50:55,git://github.com/jtleek/datawomenontwitter.git,git@github.com:jtleek/datawomenontwitter.git,https://github.com/jtleek/datawomenontwitter.git,https://github.com/jtleek/datawomenontwitter,,112,6,6,unknown,True,True,True,True,False,5,False,False,1,5,1,6,master,jtleek,1571674,MDQ6VXNlcjE1NzE2NzQ=,https://avatars.githubusercontent.com/u/1571674?v=4,,https://api.github.com/users/jtleek,https://github.com/jtleek,https://api.github.com/users/jtleek/followers,https://api.github.com/users/jtleek/following{/other_user},https://api.github.com/users/jtleek/gists{/gist_id},https://api.github.com/users/jtleek/starred{/owner}{/repo},https://api.github.com/users/jtleek/subscriptions,https://api.github.com/users/jtleek/orgs,https://api.github.com/users/jtleek/repos,https://api.github.com/users/jtleek/events{/privacy},https://api.github.com/users/jtleek/received_events,User,False
96824057,MDEwOlJlcG9zaXRvcnk5NjgyNDA1Nw==,day1,jtleek/day1,False,https://github.com/jtleek/day1,This is for SISBID,False,https://api.github.com/repos/jtleek/day1,https://api.github.com/repos/jtleek/day1/forks,https://api.github.com/repos/jtleek/day1/keys{/key_id},https://api.github.com/repos/jtleek/day1/collaborators{/collaborator},https://api.github.com/repos/jtleek/day1/teams,https://api.github.com/repos/jtleek/day1/hooks,https://api.github.com/repos/jtleek/day1/issues/events{/number},https://api.github.com/repos/jtleek/day1/events,https://api.github.com/repos/jtleek/day1/assignees{/user},https://api.github.com/repos/jtleek/day1/branches{/branch},https://api.github.com/repos/jtleek/day1/tags,https://api.github.com/repos/jtleek/day1/git/blobs{/sha},https://api.github.com/repos/jtleek/day1/git/tags{/sha},https://api.github.com/repos/jtleek/day1/git/refs{/sha},https://api.github.com/repos/jtleek/day1/git/trees{/sha},https://api.github.com/repos/jtleek/day1/statuses/{sha},https://api.github.com/repos/jtleek/day1/languages,https://api.github.com/repos/jtleek/day1/stargazers,https://api.github.com/repos/jtleek/day1/contributors,https://api.github.com/repos/jtleek/day1/subscribers,https://api.github.com/repos/jtleek/day1/subscription,https://api.github.com/repos/jtleek/day1/commits{/sha},https://api.github.com/repos/jtleek/day1/git/commits{/sha},https://api.github.com/repos/jtleek/day1/comments{/number},https://api.github.com/repos/jtleek/day1/issues/comments{/number},https://api.github.com/repos/jtleek/day1/contents/{+path},https://api.github.com/repos/jtleek/day1/compare/{base}...{head},https://api.github.com/repos/jtleek/day1/merges,https://api.github.com/repos/jtleek/day1/{archive_format}{/ref},https://api.github.com/repos/jtleek/day1/downloads,https://api.github.com/repos/jtleek/day1/issues{/number},https://api.github.com/repos/jtleek/day1/pulls{/number},https://api.github.com/repos/jtleek/day1/milestones{/number},"https://api.github.com/repos/jtleek/day1/notifications{?since,all,participating}",https://api.github.com/repos/jtleek/day1/labels{/name},https://api.github.com/repos/jtleek/day1/releases{/id},https://api.github.com/repos/jtleek/day1/deployments,2017-07-10 21:44:28,2017-07-11 14:13:55,2017-07-11 15:25:20,git://github.com/jtleek/day1.git,git@github.com:jtleek/day1.git,https://github.com/jtleek/day1.git,https://github.com/jtleek/day1,,274,0,0,html,True,True,True,True,False,1,False,False,0,1,0,0,master,jtleek,1571674,MDQ6VXNlcjE1NzE2NzQ=,https://avatars.githubusercontent.com/u/1571674?v=4,,https://api.github.com/users/jtleek,https://github.com/jtleek,https://api.github.com/users/jtleek/followers,https://api.github.com/users/jtleek/following{/other_user},https://api.github.com/users/jtleek/gists{/gist_id},https://api.github.com/users/jtleek/starred{/owner}{/repo},https://api.github.com/users/jtleek/subscriptions,https://api.github.com/users/jtleek/orgs,https://api.github.com/users/jtleek/repos,https://api.github.com/users/jtleek/events{/privacy},https://api.github.com/users/jtleek/received_events,User,False
266150752,MDEwOlJlcG9zaXRvcnkyNjYxNTA3NTI=,escalatr,jtleek/escalatr,False,https://github.com/jtleek/escalatr,A package for making R markdown websites.,False,https://api.github.com/repos/jtleek/escalatr,https://api.github.com/repos/jtleek/escalatr/forks,https://api.github.com/repos/jtleek/escalatr/keys{/key_id},https://api.github.com/repos/jtleek/escalatr/collaborators{/collaborator},https://api.github.com/repos/jtleek/escalatr/teams,https://api.github.com/repos/jtleek/escalatr/hooks,https://api.github.com/repos/jtleek/escalatr/issues/events{/number},https://api.github.com/repos/jtleek/escalatr/events,https://api.github.com/repos/jtleek/escalatr/assignees{/user},https://api.github.com/repos/jtleek/escalatr/branches{/branch},https://api.github.com/repos/jtleek/escalatr/tags,https://api.github.com/repos/jtleek/escalatr/git/blobs{/sha},https://api.github.com/repos/jtleek/escalatr/git/tags{/sha},https://api.github.com/repos/jtleek/escalatr/git/refs{/sha},https://api.github.com/repos/jtleek/escalatr/git/trees{/sha},https://api.github.com/repos/jtleek/escalatr/statuses/{sha},https://api.github.com/repos/jtleek/escalatr/languages,https://api.github.com/repos/jtleek/escalatr/stargazers,https://api.github.com/repos/jtleek/escalatr/contributors,https://api.github.com/repos/jtleek/escalatr/subscribers,https://api.github.com/repos/jtleek/escalatr/subscription,https://api.github.com/repos/jtleek/escalatr/commits{/sha},https://api.github.com/repos/jtleek/escalatr/git/commits{/sha},https://api.github.com/repos/jtleek/escalatr/comments{/number},https://api.github.com/repos/jtleek/escalatr/issues/comments{/number},https://api.github.com/repos/jtleek/escalatr/contents/{+path},https://api.github.com/repos/jtleek/escalatr/compare/{base}...{head},https://api.github.com/repos/jtleek/escalatr/merges,https://api.github.com/repos/jtleek/escalatr/{archive_format}{/ref},https://api.github.com/repos/jtleek/escalatr/downloads,https://api.github.com/repos/jtleek/escalatr/issues{/number},https://api.github.com/repos/jtleek/escalatr/pulls{/number},https://api.github.com/repos/jtleek/escalatr/milestones{/number},"https://api.github.com/repos/jtleek/escalatr/notifications{?since,all,participating}",https://api.github.com/repos/jtleek/escalatr/labels{/name},https://api.github.com/repos/jtleek/escalatr/releases{/id},https://api.github.com/repos/jtleek/escalatr/deployments,2020-05-22 15:59:10,2020-08-03 03:01:29,2020-05-22 15:59:12,git://github.com/jtleek/escalatr.git,git@github.com:jtleek/escalatr.git,https://github.com/jtleek/escalatr.git,https://github.com/jtleek/escalatr,,0,7,7,unknown,True,True,True,True,False,0,False,False,0,0,0,7,master,jtleek,1571674,MDQ6VXNlcjE1NzE2NzQ=,https://avatars.githubusercontent.com/u/1571674?v=4,,https://api.github.com/users/jtleek,https://github.com/jtleek,https://api.github.com/users/jtleek/followers,https://api.github.com/users/jtleek/following{/other_user},https://api.github.com/users/jtleek/gists{/gist_id},https://api.github.com/users/jtleek/starred{/owner}{/repo},https://api.github.com/users/jtleek/subscriptions,https://api.github.com/users/jtleek/orgs,https://api.github.com/users/jtleek/repos,https://api.github.com/users/jtleek/events{/privacy},https://api.github.com/users/jtleek/received_events,User,False
